{
  "resolvers": [
    {
      "ip": "8.8.8.8",
      "country": "United States",
      "provider": "Google Public DNS",
      "city": "Mountain View",
      "country_code": "US",
      "region": "north_america",
      "continent": "North America",
      "tier": "tier1",
      "tags": [
        "public",
        "global",
        "commercial"
      ]
    },
    {
      "ip": "8.8.4.4",
      "country": "United States",
      "provider": "Google Public DNS",
      "city": "Mountain View",
      "country_code": "US",
      "region": "north_america",
      "continent": "North America",
      "tier": "tier1",
      "tags": [
        "public",
        "global",
        "commercial"
      ]
    },
    {
      "ip": "1.1.1.1",
      "country": "United States",
      "provider": "Cloudflare",
      "city": "San Francisco",
      "country_code": "US",
      "region": "north_america",
      "continent": "North America",
      "tier": "tier1",
      "tags": [
        "public",
        "global",
        "commercial"
      ]
    },
    {
      "ip": "1.0.0.1",
      "country": "United States",
      "provider": "Cloudflare",
      "city": "San Francisco",
      "country_code": "US",
      "region": "north_america",
      "continent": "North America",
      "tier": "tier1",
      "tags": [
        "public",
        "global",
        "commercial"
      ]
    },
    {
      "ip": "9.9.9.9",
      "country": "United States",
      "provider": "Quad9",
      "city": "Berkeley",
      "country_code": "US",
      "region": "north_america",
      "continent": "North America",
      "tier": "tier1",
      "tags": [
        "public",
        "global",
        "security"
      ]
    },
    {
      "ip": "149.112.112.112",
      "country": "United States",
      "provider": "Quad9",
      "city": "Berkeley",
      "country_code": "US",
      "region": "north_america",
      "continent": "North America",
      "tier": "tier1",
      "tags": [
        "public",
        "global",
        "security"
      ]
    },
    {
      "ip": "208.67.222.222",
      "country": "United States",
      "provider": "OpenDNS",
      "city": "San Francisco",
      "country_code": "US",
      "region": "north_america",
      "continent": "North America",
      "tier": "tier1",
      "tags": [
        "public",
        "global",
        "commercial"
      ]
    },
    {
      "ip": "208.67.220.220",
      "country": "United States",
      "provider": "OpenDNS",
      "city": "San Francisco",
      "country_code": "US",
      "region": "north_america",
      "continent": "North America",
      "tier": "tier1",
      "tags": [
        "public",
        "global",
        "commercial"
      ]
    },
    {
      "ip": "64.6.64.6",
      "country": "United States",
      "provider": "Verisign",
      "city": "Reston",
      "country_code": "US",
      "region": "north_america",
      "continent": "North America",
      "tier": "tier2",
      "tags": [
        "public",
        "commercial"
      ]
    },
    {
      "ip": "64.6.65.6",
      "country": "United States",
      "provider": "Verisign",
      "city": "Reston",
      "country_code": "US",
      "region": "north_america",
      "continent": "North America",
      "tier": "tier2",
      "tags": [
        "public",
        "commercial"
      ]
    },
    {
      "ip": "4.2.2.1",
      "country": "United States",
      "provider": "Level3",
      "city": "Broomfield",
      "country_code": "US",
      "region": "north_america",
      "continent": "North America",
      "tier": "tier2",
      "tags": [
        "public"
      ]
    },
    {
      "ip": "4.2.2.2",
      "country": "United States",
      "provider": "Level3",
      "city": "Broomfield",
      "country_code": "US",
      "region": "north_america",
      "continent": "North America",
      "tier": "tier2",
      "tags": [
        "public"
      ]
    },
    {
      "ip": "156.154.70.1",
      "country": "United States",
      "provider": "Neustar UltraDNS",
      "city": "Sterling",
      "country_code": "US",
      "region": "north_america",
      "continent": "North America",
      "tier": "tier2",
      "tags": [
        "public"
      ]
    },
    {
      "ip": "156.154.71.1",
      "country": "United States",
      "provider": "Neustar UltraDNS",
      "city": "Sterling",
      "country_code": "US",
      "region": "north_america",
      "continent": "North America",
      "tier": "tier2",
      "tags": [
        "public"
      ]
    },
    {
      "ip": "205.171.3.65",
      "country": "Canada",
      "provider": "CIRA Canadian Shield",
      "city": "Ottawa",
      "country_code": "CA",
      "region": "north_america",
      "continent": "North America",
      "tier": "tier2",
      "tags": [
        "public",
        "security"
      ]
    },
    {
      "ip": "205.171.2.65",
      "country": "Canada",
      "provider": "CIRA Canadian Shield",
      "city": "Ottawa",
      "country_code": "CA",
      "region": "north_america",
      "continent": "North America",
      "tier": "tier2",
      "tags": [
        "public",
        "security"
      ]
    },
    {
      "ip": "149.112.121.10",
      "country": "Canada",
      "provider": "CleanBrowsing",
      "city": "Toronto",
      "country_code": "CA",
      "region": "north_america",
      "continent": "North America",
      "tier": "tier2",
      "tags": [
        "public",
        "security"
      ]
    },
    {
      "ip": "149.112.122.10",
      "country": "Canada",
      "provider": "CleanBrowsing",
      "city": "Toronto",
      "country_code": "CA",
      "region": "north_america",
      "continent": "North America",
      "tier": "tier2",
      "tags": [
        "public",
        "security"
      ]
    },
    {
      "ip": "200.57.7.61",
      "country": "Brazil",
      "provider": "GigaDNS",
      "city": "S\u00e3o Paulo",
      "country_code": "BR",
      "region": "south_america",
      "continent": "South America",
      "tier": "tier3",
      "tags": [
        "public",
        "regional"
      ]
    },
    {
      "ip": "200.57.7.62",
      "country": "Brazil",
      "provider": "GigaDNS",
      "city": "S\u00e3o Paulo",
      "country_code": "BR",
      "region": "south_america",
      "continent": "South America",
      "tier": "tier3",
      "tags": [
        "public",
        "regional"
      ]
    },
    {
      "ip": "181.192.1.1",
      "country": "Argentina",
      "provider": "Arnet",
      "city": "Buenos Aires",
      "country_code": "AR",
      "region": "south_america",
      "continent": "South America",
      "tier": "tier3",
      "tags": [
        "public",
        "regional"
      ]
    },
    {
      "ip": "181.192.3.3",
      "country": "Argentina",
      "provider": "Arnet",
      "city": "Buenos Aires",
      "country_code": "AR",
      "region": "south_america",
      "continent": "South America",
      "tier": "tier3",
      "tags": [
        "public",
        "regional"
      ]
    },
    {
      "ip": "200.1.123.67",
      "country": "Mexico",
      "provider": "Telmex",
      "city": "Mexico City",
      "country_code": "MX",
      "region": "north_america",
      "continent": "North America",
      "tier": "tier3",
      "tags": [
        "public",
        "regional"
      ]
    },
    {
      "ip": "200.1.123.68",
      "country": "Mexico",
      "provider": "Telmex",
      "city": "Mexico City",
      "country_code": "MX",
      "region": "north_america",
      "continent": "North America",
      "tier": "tier3",
      "tags": [
        "public",
        "regional"
      ]
    },
    {
      "ip": "190.98.209.11",
      "country": "Chile",
      "provider": "VTR",
      "city": "Santiago",
      "country_code": "CL",
      "region": "south_america",
      "continent": "South America",
      "tier": "tier3",
      "tags": [
        "public",
        "regional"
      ]
    },
    {
      "ip": "190.98.209.12",
      "country": "Chile",
      "provider": "VTR",
      "city": "Santiago",
      "country_code": "CL",
      "region": "south_america",
      "continent": "South America",
      "tier": "tier3",
      "tags": [
        "public",
        "regional"
      ]
    },
    {
      "ip": "190.216.126.30",
      "country": "Colombia",
      "provider": "ETB",
      "city": "Bogot\u00e1",
      "country_code": "CO",
      "region": "south_america",
      "continent": "South America",
      "tier": "tier3",
      "tags": [
        "public",
        "regional"
      ]
    },
    {
      "ip": "190.216.126.31",
      "country": "Colombia",
      "provider": "ETB",
      "city": "Bogot\u00e1",
      "country_code": "CO",
      "region": "south_america",
      "continent": "South America",
      "tier": "tier3",
      "tags": [
        "public",
        "regional"
      ]
    },
    {
      "ip": "8.26.56.26",
      "country": "United Kingdom",
      "provider": "Comodo Secure DNS",
      "city": "London",
      "country_code": "GB",
      "region": "europe",
      "continent": "Europe",
      "tier": "tier2",
      "tags": [
        "public",
        "security"
      ]
    },
    {
      "ip": "8.20.247.20",
      "country": "United Kingdom",
      "provider": "Comodo Secure DNS",
      "city": "London",
      "country_code": "GB",
      "region": "europe",
      "continent": "Europe",
      "tier": "tier2",
      "tags": [
        "public",
        "security"
      ]
    },
    {
      "ip": "80.80.80.80",
      "country": "Germany",
      "provider": "Freenom World",
      "city": "Frankfurt",
      "country_code": "DE",
      "region": "europe",
      "continent": "Europe",
      "tier": "tier3",
      "tags": [
        "public",
        "regional"
      ]
    },
    {
      "ip": "80.80.81.81",
      "country": "Germany",
      "provider": "Freenom World",
      "city": "Frankfurt",
      "country_code": "DE",
      "region": "europe",
      "continent": "Europe",
      "tier": "tier3",
      "tags": [
        "public",
        "regional"
      ]
    },
    {
      "ip": "194.150.168.168",
      "country": "Switzerland",
      "provider": "SafeDNS",
      "city": "Zurich",
      "country_code": "CH",
      "region": "europe",
      "continent": "Europe",
      "tier": "tier2",
      "tags": [
        "public",
        "security"
      ]
    },
    {
      "ip": "194.150.169.169",
      "country": "Switzerland",
      "provider": "SafeDNS",
      "city": "Zurich",
      "country_code": "CH",
      "region": "europe",
      "continent": "Europe",
      "tier": "tier2",
      "tags": [
        "public",
        "security"
      ]
    },
    {
      "ip": "91.239.100.100",
      "country": "Switzerland",
      "provider": "UncensoredDNS",
      "city": "Zurich",
      "country_code": "CH",
      "region": "europe",
      "continent": "Europe",
      "tier": "tier2",
      "tags": [
        "public",
        "privacy"
      ]
    },
    {
      "ip": "89.233.43.71",
      "country": "Switzerland",
      "provider": "UncensoredDNS",
      "city": "Zurich",
      "country_code": "CH",
      "region": "europe",
      "continent": "Europe",
      "tier": "tier2",
      "tags": [
        "public",
        "privacy"
      ]
    },
    {
      "ip": "213.73.91.35",
      "country": "France",
      "provider": "FDN",
      "city": "Paris",
      "country_code": "FR",
      "region": "europe",
      "continent": "Europe",
      "tier": "tier3",
      "tags": [
        "public",
        "regional"
      ]
    },
    {
      "ip": "80.67.169.12",
      "country": "France",
      "provider": "FDN",
      "city": "Paris",
      "country_code": "FR",
      "region": "europe",
      "continent": "Europe",
      "tier": "tier3",
      "tags": [
        "public",
        "regional"
      ]
    },
    {
      "ip": "212.27.40.240",
      "country": "France",
      "provider": "Orange",
      "city": "Paris",
      "country_code": "FR",
      "region": "europe",
      "continent": "Europe",
      "tier": "tier3",
      "tags": [
        "public",
        "isp",
        "regional"
      ]
    },
    {
      "ip": "212.27.40.241",
      "country": "France",
      "provider": "Orange",
      "city": "Paris",
      "country_code": "FR",
      "region": "europe",
      "continent": "Europe",
      "tier": "tier3",
      "tags": [
        "public",
        "isp",
        "regional"
      ]
    },
    {
      "ip": "81.218.119.11",
      "country": "Netherlands",
      "provider": "Freeler DNS",
      "city": "Amsterdam",
      "country_code": "NL",
      "region": "europe",
      "continent": "Europe",
      "tier": "tier3",
      "tags": [
        "public",
        "regional"
      ]
    },
    {
      "ip": "209.88.198.133",
      "country": "Netherlands",
      "provider": "Hurricane Electric",
      "city": "Amsterdam",
      "country_code": "NL",
      "region": "europe",
      "continent": "Europe",
      "tier": "tier3",
      "tags": [
        "public",
        "regional"
      ]
    },
    {
      "ip": "195.46.39.39",
      "country": "Denmark",
      "provider": "SafeDNS",
      "city": "Copenhagen",
      "country_code": "DK",
      "region": "europe",
      "continent": "Europe",
      "tier": "tier2",
      "tags": [
        "public",
        "security"
      ]
    },
    {
      "ip": "195.46.39.40",
      "country": "Denmark",
      "provider": "SafeDNS",
      "city": "Copenhagen",
      "country_code": "DK",
      "region": "europe",
      "continent": "Europe",
      "tier": "tier2",
      "tags": [
        "public",
        "security"
      ]
    },
    {
      "ip": "130.59.31.251",
      "country": "Sweden",
      "provider": "Bahnhof",
      "city": "Stockholm",
      "country_code": "SE",
      "region": "europe",
      "continent": "Europe",
      "tier": "tier3",
      "tags": [
        "public",
        "regional"
      ]
    },
    {
      "ip": "130.59.31.248",
      "country": "Sweden",
      "provider": "Bahnhof",
      "city": "Stockholm",
      "country_code": "SE",
      "region": "europe",
      "continent": "Europe",
      "tier": "tier3",
      "tags": [
        "public",
        "regional"
      ]
    },
    {
      "ip": "185.121.177.177",
      "country": "Norway",
      "provider": "RethinkDNS",
      "city": "Oslo",
      "country_code": "NO",
      "region": "europe",
      "continent": "Europe",
      "tier": "tier2",
      "tags": [
        "public"
      ]
    },
    {
      "ip": "169.150.193.1",
      "country": "Finland",
      "provider": "DNA",
      "city": "Helsinki",
      "country_code": "FI",
      "region": "europe",
      "continent": "Europe",
      "tier": "tier3",
      "tags": [
        "public",
        "regional"
      ]
    },
    {
      "ip": "185.228.168.168",
      "country": "Iceland",
      "provider": "Hringdu",
      "city": "Reykjavik",
      "country_code": "IS",
      "region": "europe",
      "continent": "Europe",
      "tier": "tier3",
      "tags": [
        "public",
        "regional"
      ]
    },
    {
      "ip": "77.88.8.8",
      "country": "Russia",
      "provider": "Yandex DNS",
      "city": "Moscow",
      "country_code": "RU",
      "region": "russia_cis",
      "continent": "Europe/Asia",
      "tier": "tier2",
      "tags": [
        "public"
      ]
    },
    {
      "ip": "77.88.8.1",
      "country": "Russia",
      "provider": "Yandex DNS",
      "city": "Moscow",
      "country_code": "RU",
      "region": "russia_cis",
      "continent": "Europe/Asia",
      "tier": "tier2",
      "tags": [
        "public"
      ]
    },
    {
      "ip": "213.180.193.56",
      "country": "Poland",
      "provider": "Multimedia Polska",
      "city": "Warsaw",
      "country_code": "PL",
      "region": "europe",
      "continent": "Europe",
      "tier": "tier3",
      "tags": [
        "public",
        "regional"
      ]
    },
    {
      "ip": "213.180.193.57",
      "country": "Poland",
      "provider": "Multimedia Polska",
      "city": "Warsaw",
      "country_code": "PL",
      "region": "europe",
      "continent": "Europe",
      "tier": "tier3",
      "tags": [
        "public",
        "regional"
      ]
    },
    {
      "ip": "194.204.159.1",
      "country": "Czech Republic",
      "provider": "CESNET",
      "city": "Prague",
      "country_code": "CZ",
      "region": "europe",
      "continent": "Europe",
      "tier": "tier3",
      "tags": [
        "public",
        "regional"
      ]
    },
    {
      "ip": "193.29.206.206",
      "country": "Austria",
      "provider": "A1 Telekom",
      "city": "Vienna",
      "country_code": "AT",
      "region": "europe",
      "continent": "Europe",
      "tier": "tier3",
      "tags": [
        "public",
        "isp",
        "regional"
      ]
    },
    {
      "ip": "195.182.110.132",
      "country": "Hungary",
      "provider": "Telekom",
      "city": "Budapest",
      "country_code": "HU",
      "region": "europe",
      "continent": "Europe",
      "tier": "tier3",
      "tags": [
        "public",
        "isp",
        "regional"
      ]
    },
    {
      "ip": "212.200.99.35",
      "country": "Romania",
      "provider": "RCS & RDS",
      "city": "Bucharest",
      "country_code": "RO",
      "region": "europe",
      "continent": "Europe",
      "tier": "tier3",
      "tags": [
        "public",
        "regional"
      ]
    },
    {
      "ip": "91.185.2.10",
      "country": "Bulgaria",
      "provider": "Neterra",
      "city": "Sofia",
      "country_code": "BG",
      "region": "europe",
      "continent": "Europe",
      "tier": "tier3",
      "tags": [
        "public",
        "regional"
      ]
    },
    {
      "ip": "91.239.207.197",
      "country": "Ukraine",
      "provider": "Kyivstar",
      "city": "Kyiv",
      "country_code": "UA",
      "region": "russia_cis",
      "continent": "Europe",
      "tier": "tier3",
      "tags": [
        "public",
        "regional"
      ]
    },
    {
      "ip": "195.96.96.2",
      "country": "Greece",
      "provider": "Forthnet",
      "city": "Athens",
      "country_code": "GR",
      "region": "europe",
      "continent": "Europe",
      "tier": "tier3",
      "tags": [
        "public",
        "regional"
      ]
    },
    {
      "ip": "212.58.224.146",
      "country": "Italy",
      "provider": "Telecom Italia",
      "city": "Rome",
      "country_code": "IT",
      "region": "europe",
      "continent": "Europe",
      "tier": "tier3",
      "tags": [
        "public",
        "isp",
        "regional"
      ]
    },
    {
      "ip": "212.58.224.147",
      "country": "Italy",
      "provider": "Telecom Italia",
      "city": "Rome",
      "country_code": "IT",
      "region": "europe",
      "continent": "Europe",
      "tier": "tier3",
      "tags": [
        "public",
        "isp",
        "regional"
      ]
    },
    {
      "ip": "194.179.1.100",
      "country": "Spain",
      "provider": "Telef\u00f3nica",
      "city": "Madrid",
      "country_code": "ES",
      "region": "europe",
      "continent": "Europe",
      "tier": "tier3",
      "tags": [
        "public",
        "regional"
      ]
    },
    {
      "ip": "194.179.1.101",
      "country": "Spain",
      "provider": "Telef\u00f3nica",
      "city": "Madrid",
      "country_code": "ES",
      "region": "europe",
      "continent": "Europe",
      "tier": "tier3",
      "tags": [
        "public",
        "regional"
      ]
    },
    {
      "ip": "185.26.126.37",
      "country": "Portugal",
      "provider": "MEO",
      "city": "Lisbon",
      "country_code": "PT",
      "region": "europe",
      "continent": "Europe",
      "tier": "tier3",
      "tags": [
        "public",
        "regional"
      ]
    },
    {
      "ip": "194.117.254.1",
      "country": "Belgium",
      "provider": "Belnet",
      "city": "Brussels",
      "country_code": "BE",
      "region": "europe",
      "continent": "Europe",
      "tier": "tier3",
      "tags": [
        "public",
        "regional"
      ]
    },
    {
      "ip": "158.43.128.1",
      "country": "Ireland",
      "provider": "Eircom",
      "city": "Dublin",
      "country_code": "IE",
      "region": "europe",
      "continent": "Europe",
      "tier": "tier3",
      "tags": [
        "public",
        "regional"
      ]
    },
    {
      "ip": "158.43.128.72",
      "country": "Ireland",
      "provider": "Eircom",
      "city": "Dublin",
      "country_code": "IE",
      "region": "europe",
      "continent": "Europe",
      "tier": "tier3",
      "tags": [
        "public",
        "regional"
      ]
    },
    {
      "ip": "196.1.95.1",
      "country": "South Africa",
      "provider": "Telkom",
      "city": "Johannesburg",
      "country_code": "ZA",
      "region": "africa",
      "continent": "Africa",
      "tier": "tier3",
      "tags": [
        "public",
        "regional"
      ]
    },
    {
      "ip": "196.1.95.2",
      "country": "South Africa",
      "provider": "Telkom",
      "city": "Johannesburg",
      "country_code": "ZA",
      "region": "africa",
      "continent": "Africa",
      "tier": "tier3",
      "tags": [
        "public",
        "regional"
      ]
    },
    {
      "ip": "196.216.2.3",
      "country": "Kenya",
      "provider": "Safaricom",
      "city": "Nairobi",
      "country_code": "KE",
      "region": "africa",
      "continent": "Africa",
      "tier": "tier3",
      "tags": [
        "public",
        "regional"
      ]
    },
    {
      "ip": "196.23.168.100",
      "country": "Nigeria",
      "provider": "MTN",
      "city": "Lagos",
      "country_code": "NG",
      "region": "africa",
      "continent": "Africa",
      "tier": "tier3",
      "tags": [
        "public",
        "isp",
        "regional"
      ]
    },
    {
      "ip": "41.242.141.2",
      "country": "Egypt",
      "provider": "TE Data",
      "city": "Cairo",
      "country_code": "EG",
      "region": "africa",
      "continent": "Africa",
      "tier": "tier3",
      "tags": [
        "public",
        "regional"
      ]
    },
    {
      "ip": "41.242.141.3",
      "country": "Egypt",
      "provider": "TE Data",
      "city": "Cairo",
      "country_code": "EG",
      "region": "africa",
      "continent": "Africa",
      "tier": "tier3",
      "tags": [
        "public",
        "regional"
      ]
    },
    {
      "ip": "197.255.126.11",
      "country": "Morocco",
      "provider": "Maroc Telecom",
      "city": "Casablanca",
      "country_code": "MA",
      "region": "africa",
      "continent": "Africa",
      "tier": "tier3",
      "tags": [
        "public",
        "isp",
        "regional"
      ]
    },
    {
      "ip": "196.1.95.20",
      "country": "Ghana",
      "provider": "Vodafone",
      "city": "Accra",
      "country_code": "GH",
      "region": "africa",
      "continent": "Africa",
      "tier": "tier3",
      "tags": [
        "public",
        "isp",
        "regional"
      ]
    },
    {
      "ip": "195.24.192.198",
      "country": "Tunisia",
      "provider": "Topnet",
      "city": "Tunis",
      "country_code": "TN",
      "region": "africa",
      "continent": "Africa",
      "tier": "tier3",
      "tags": [
        "public",
        "regional"
      ]
    },
    {
      "ip": "41.203.129.1",
      "country": "Algeria",
      "provider": "Alg\u00e9rie T\u00e9l\u00e9com",
      "city": "Algiers",
      "country_code": "DZ",
      "region": "africa",
      "continent": "Africa",
      "tier": "tier3",
      "tags": [
        "public",
        "regional"
      ]
    },
    {
      "ip": "165.87.13.129",
      "country": "Ethiopia",
      "provider": "EthioNet",
      "city": "Addis Ababa",
      "country_code": "ET",
      "region": "africa",
      "continent": "Africa",
      "tier": "tier3",
      "tags": [
        "public",
        "regional"
      ]
    },
    {
      "ip": "41.223.168.2",
      "country": "Tanzania",
      "provider": "TTCL",
      "city": "Dar es Salaam",
      "country_code": "TZ",
      "region": "africa",
      "continent": "Africa",
      "tier": "tier3",
      "tags": [
        "public",
        "regional"
      ]
    },
    {
      "ip": "196.49.10.21",
      "country": "Uganda",
      "provider": "MTN",
      "city": "Kampala",
      "country_code": "UG",
      "region": "africa",
      "continent": "Africa",
      "tier": "tier3",
      "tags": [
        "public",
        "isp",
        "regional"
      ]
    },
    {
      "ip": "212.115.240.4",
      "country": "Israel",
      "provider": "Bezeq",
      "city": "Tel Aviv",
      "country_code": "IL",
      "region": "middle_east",
      "continent": "Asia",
      "tier": "tier3",
      "tags": [
        "public",
        "regional"
      ]
    },
    {
      "ip": "212.115.240.5",
      "country": "Israel",
      "provider": "Bezeq",
      "city": "Tel Aviv",
      "country_code": "IL",
      "region": "middle_east",
      "continent": "Asia",
      "tier": "tier3",
      "tags": [
        "public",
        "regional"
      ]
    },
    {
      "ip": "212.78.128.1",
      "country": "Saudi Arabia",
      "provider": "STC",
      "city": "Riyadh",
      "country_code": "SA",
      "region": "middle_east",
      "continent": "Asia",
      "tier": "tier3",
      "tags": [
        "public",
        "isp",
        "regional"
      ]
    },
    {
      "ip": "212.78.128.2",
      "country": "Saudi Arabia",
      "provider": "STC",
      "city": "Riyadh",
      "country_code": "SA",
      "region": "middle_east",
      "continent": "Asia",
      "tier": "tier3",
      "tags": [
        "public",
        "isp",
        "regional"
      ]
    },
    {
      "ip": "213.42.20.20",
      "country": "United Arab Emirates",
      "provider": "Etisalat",
      "city": "Dubai",
      "country_code": "AE",
      "region": "middle_east",
      "continent": "Asia",
      "tier": "tier3",
      "tags": [
        "public",
        "isp",
        "regional"
      ]
    },
    {
      "ip": "195.229.241.222",
      "country": "Turkey",
      "provider": "Turk Telekom",
      "city": "Istanbul",
      "country_code": "TR",
      "region": "middle_east",
      "continent": "Asia/Europe",
      "tier": "tier3",
      "tags": [
        "public",
        "isp",
        "regional"
      ]
    },
    {
      "ip": "195.175.39.39",
      "country": "Turkey",
      "provider": "Turk Telekom",
      "city": "Istanbul",
      "country_code": "TR",
      "region": "middle_east",
      "continent": "Asia/Europe",
      "tier": "tier3",
      "tags": [
        "public",
        "isp",
        "regional"
      ]
    },
    {
      "ip": "85.158.51.4",
      "country": "Qatar",
      "provider": "Ooredoo",
      "city": "Doha",
      "country_code": "QA",
      "region": "middle_east",
      "continent": "Asia",
      "tier": "tier3",
      "tags": [
        "public",
        "regional"
      ]
    },
    {
      "ip": "178.218.139.2",
      "country": "Kuwait",
      "provider": "Qualitynet",
      "city": "Kuwait City",
      "country_code": "KW",
      "region": "middle_east",
      "continent": "Asia",
      "tier": "tier3",
      "tags": [
        "public",
        "regional"
      ]
    },
    {
      "ip": "91.106.84.1",
      "country": "Bahrain",
      "provider": "Batelco",
      "city": "Manama",
      "country_code": "BH",
      "region": "middle_east",
      "continent": "Asia",
      "tier": "tier3",
      "tags": [
        "public",
        "regional"
      ]
    },
    {
      "ip": "5.11.11.11",
      "country": "Lebanon",
      "provider": "IDM",
      "city": "Beirut",
      "country_code": "LB",
      "region": "middle_east",
      "continent": "Asia",
      "tier": "tier3",
      "tags": [
        "public",
        "regional"
      ]
    },
    {
      "ip": "62.201.214.138",
      "country": "Jordan",
      "provider": "Orange",
      "city": "Amman",
      "country_code": "JO",
      "region": "middle_east",
      "continent": "Asia",
      "tier": "tier3",
      "tags": [
        "public",
        "isp",
        "regional"
      ]
    },
    {
      "ip": "185.55.225.25",
      "country": "Iran",
      "provider": "Shatel",
      "city": "Tehran",
      "country_code": "IR",
      "region": "middle_east",
      "continent": "Asia",
      "tier": "tier3",
      "tags": [
        "public",
        "regional"
      ]
    },
    {
      "ip": "178.22.122.100",
      "country": "Iran",
      "provider": "Shatel",
      "city": "Tehran",
      "country_code": "IR",
      "region": "middle_east",
      "continent": "Asia",
      "tier": "tier3",
      "tags": [
        "public",
        "regional"
      ]
    },
    {
      "ip": "202.12.27.33",
      "country": "Pakistan",
      "provider": "PTCL",
      "city": "Islamabad",
      "country_code": "PK",
      "region": "asia",
      "continent": "Asia",
      "tier": "tier3",
      "tags": [
        "public",
        "regional"
      ]
    },
    {
      "ip": "202.124.127.34",
      "country": "India",
      "provider": "BSNL",
      "city": "Mumbai",
      "country_code": "IN",
      "region": "asia",
      "continent": "Asia",
      "tier": "tier3",
      "tags": [
        "public",
        "isp",
        "regional"
      ]
    },
    {
      "ip": "203.145.184.13",
      "country": "India",
      "provider": "Airtel",
      "city": "Delhi",
      "country_code": "IN",
      "region": "asia",
      "continent": "Asia",
      "tier": "tier3",
      "tags": [
        "public",
        "isp",
        "regional"
      ]
    },
    {
      "ip": "210.2.83.12",
      "country": "Bangladesh",
      "provider": "BTCL",
      "city": "Dhaka",
      "country_code": "BD",
      "region": "asia",
      "continent": "Asia",
      "tier": "tier3",
      "tags": [
        "public",
        "regional"
      ]
    },
    {
      "ip": "101.2.160.10",
      "country": "Sri Lanka",
      "provider": "SLT",
      "city": "Colombo",
      "country_code": "LK",
      "region": "asia",
      "continent": "Asia",
      "tier": "tier3",
      "tags": [
        "public",
        "regional"
      ]
    },
    {
      "ip": "202.56.250.5",
      "country": "Nepal",
      "provider": "WorldLink",
      "city": "Kathmandu",
      "country_code": "NP",
      "region": "asia",
      "continent": "Asia",
      "tier": "tier3",
      "tags": [
        "public",
        "regional"
      ]
    },
    {
      "ip": "103.199.36.1",
      "country": "Myanmar",
      "provider": "MPT",
      "city": "Yangon",
      "country_code": "MM",
      "region": "asia",
      "continent": "Asia",
      "tier": "tier3",
      "tags": [
        "public",
        "regional"
      ]
    },
    {
      "ip": "223.5.5.5",
      "country": "China",
      "provider": "Alibaba DNS",
      "city": "Beijing",
      "country_code": "CN",
      "region": "asia",
      "continent": "Asia",
      "tier": "tier2",
      "tags": [
        "public"
      ]
    },
    {
      "ip": "223.6.6.6",
      "country": "China",
      "provider": "Alibaba DNS",
      "city": "Beijing",
      "country_code": "CN",
      "region": "asia",
      "continent": "Asia",
      "tier": "tier2",
      "tags": [
        "public"
      ]
    },
    {
      "ip": "114.114.114.114",
      "country": "China",
      "provider": "114DNS",
      "city": "Shanghai",
      "country_code": "CN",
      "region": "asia",
      "continent": "Asia",
      "tier": "tier2",
      "tags": [
        "public"
      ]
    },
    {
      "ip": "114.114.115.115",
      "country": "China",
      "provider": "114DNS",
      "city": "Shanghai",
      "country_code": "CN",
      "region": "asia",
      "continent": "Asia",
      "tier": "tier2",
      "tags": [
        "public"
      ]
    },
    {
      "ip": "180.76.76.76",
      "country": "China",
      "provider": "Baidu DNS",
      "city": "Beijing",
      "country_code": "CN",
      "region": "asia",
      "continent": "Asia",
      "tier": "tier2",
      "tags": [
        "public"
      ]
    },
    {
      "ip": "168.95.1.1",
      "country": "Taiwan",
      "provider": "HiNet",
      "city": "Taipei",
      "country_code": "TW",
      "region": "asia",
      "continent": "Asia",
      "tier": "tier3",
      "tags": [
        "public",
        "regional"
      ]
    },
    {
      "ip": "168.95.192.1",
      "country": "Taiwan",
      "provider": "HiNet",
      "city": "Taipei",
      "country_code": "TW",
      "region": "asia",
      "continent": "Asia",
      "tier": "tier3",
      "tags": [
        "public",
        "regional"
      ]
    },
    {
      "ip": "203.80.96.10",
      "country": "Hong Kong",
      "provider": "PCCW",
      "city": "Hong Kong",
      "country_code": "HK",
      "region": "asia",
      "continent": "Asia",
      "tier": "tier3",
      "tags": [
        "public",
        "regional"
      ]
    },
    {
      "ip": "210.0.255.250",
      "country": "Japan",
      "provider": "NTT",
      "city": "Tokyo",
      "country_code": "JP",
      "region": "asia",
      "continent": "Asia",
      "tier": "tier3",
      "tags": [
        "public",
        "regional"
      ]
    },
    {
      "ip": "210.141.178.144",
      "country": "Japan",
      "provider": "KDDI",
      "city": "Tokyo",
      "country_code": "JP",
      "region": "asia",
      "continent": "Asia",
      "tier": "tier3",
      "tags": [
        "public",
        "regional"
      ]
    },
    {
      "ip": "168.126.63.1",
      "country": "South Korea",
      "provider": "KT",
      "city": "Seoul",
      "country_code": "KR",
      "region": "asia",
      "continent": "Asia",
      "tier": "tier3",
      "tags": [
        "public",
        "regional"
      ]
    },
    {
      "ip": "168.126.63.2",
      "country": "South Korea",
      "provider": "KT",
      "city": "Seoul",
      "country_code": "KR",
      "region": "asia",
      "continent": "Asia",
      "tier": "tier3",
      "tags": [
        "public",
        "regional"
      ]
    },
    {
      "ip": "210.220.163.82",
      "country": "South Korea",
      "provider": "SK Broadband",
      "city": "Seoul",
      "country_code": "KR",
      "region": "asia",
      "continent": "Asia",
      "tier": "tier3",
      "tags": [
        "public",
        "regional"
      ]
    },
    {
      "ip": "164.124.101.2",
      "country": "Mongolia",
      "provider": "Mobicom",
      "city": "Ulaanbaatar",
      "country_code": "MN",
      "region": "asia",
      "continent": "Asia",
      "tier": "tier3",
      "tags": [
        "public",
        "regional"
      ]
    },
    {
      "ip": "203.133.1.6",
      "country": "Thailand",
      "provider": "TOT",
      "city": "Bangkok",
      "country_code": "TH",
      "region": "asia",
      "continent": "Asia",
      "tier": "tier3",
      "tags": [
        "public",
        "regional"
      ]
    },
    {
      "ip": "203.113.131.1",
      "country": "Thailand",
      "provider": "True",
      "city": "Bangkok",
      "country_code": "TH",
      "region": "asia",
      "continent": "Asia",
      "tier": "tier3",
      "tags": [
        "public",
        "regional"
      ]
    },
    {
      "ip": "203.144.206.210",
      "country": "Vietnam",
      "provider": "VNPT",
      "city": "Hanoi",
      "country_code": "VN",
      "region": "asia",
      "continent": "Asia",
      "tier": "tier3",
      "tags": [
        "public",
        "regional"
      ]
    },
    {
      "ip": "210.245.24.20",
      "country": "Vietnam",
      "provider": "Viettel",
      "city": "Hanoi",
      "country_code": "VN",
      "region": "asia",
      "continent": "Asia",
      "tier": "tier3",
      "tags": [
        "public",
        "regional"
      ]
    },
    {
      "ip": "202.62.251.2",
      "country": "Malaysia",
      "provider": "TM Net",
      "city": "Kuala Lumpur",
      "country_code": "MY",
      "region": "asia",
      "continent": "Asia",
      "tier": "tier3",
      "tags": [
        "public",
        "regional"
      ]
    },
    {
      "ip": "202.188.0.133",
      "country": "Malaysia",
      "provider": "Maxis",
      "city": "Kuala Lumpur",
      "country_code": "MY",
      "region": "asia",
      "continent": "Asia",
      "tier": "tier3",
      "tags": [
        "public",
        "regional"
      ]
    },
    {
      "ip": "202.155.0.15",
      "country": "Singapore",
      "provider": "StarHub",
      "city": "Singapore",
      "country_code": "SG",
      "region": "asia",
      "continent": "Asia",
      "tier": "tier3",
      "tags": [
        "public",
        "regional"
      ]
    },
    {
      "ip": "203.116.122.99",
      "country": "Singapore",
      "provider": "M1",
      "city": "Singapore",
      "country_code": "SG",
      "region": "asia",
      "continent": "Asia",
      "tier": "tier3",
      "tags": [
        "public",
        "regional"
      ]
    },
    {
      "ip": "202.152.0.2",
      "country": "Indonesia",
      "provider": "Indosat",
      "city": "Jakarta",
      "country_code": "ID",
      "region": "asia",
      "continent": "Asia",
      "tier": "tier3",
      "tags": [
        "public",
        "regional"
      ]
    },
    {
      "ip": "202.134.0.155",
      "country": "Indonesia",
      "provider": "Biznet",
      "city": "Jakarta",
      "country_code": "ID",
      "region": "asia",
      "continent": "Asia",
      "tier": "tier3",
      "tags": [
        "public",
        "regional"
      ]
    },
    {
      "ip": "202.166.160.33",
      "country": "Philippines",
      "provider": "PLDT",
      "city": "Manila",
      "country_code": "PH",
      "region": "asia",
      "continent": "Asia",
      "tier": "tier3",
      "tags": [
        "public",
        "isp",
        "regional"
      ]
    },
    {
      "ip": "202.166.161.8",
      "country": "Philippines",
      "provider": "PLDT",
      "city": "Manila",
      "country_code": "PH",
      "region": "asia",
      "continent": "Asia",
      "tier": "tier3",
      "tags": [
        "public",
        "isp",
        "regional"
      ]
    },
    {
      "ip": "203.80.4.10",
      "country": "Cambodia",
      "provider": "Camnet",
      "city": "Phnom Penh",
      "country_code": "KH",
      "region": "asia",
      "continent": "Asia",
      "tier": "tier3",
      "tags": [
        "public",
        "regional"
      ]
    },
    {
      "ip": "202.14.236.228",
      "country": "Laos",
      "provider": "ETL",
      "city": "Vientiane",
      "country_code": "LA",
      "region": "asia",
      "continent": "Asia",
      "tier": "tier3",
      "tags": [
        "public",
        "regional"
      ]
    },
    {
      "ip": "203.146.237.237",
      "country": "Brunei",
      "provider": "DSTCom",
      "city": "Bandar Seri Begawan",
      "country_code": "BN",
      "region": "asia",
      "continent": "Asia",
      "tier": "tier3",
      "tags": [
        "public",
        "isp",
        "regional"
      ]
    },
    {
      "ip": "203.119.24.1",
      "country": "Australia",
      "provider": "Telstra",
      "city": "Sydney",
      "country_code": "AU",
      "region": "oceania",
      "continent": "Oceania",
      "tier": "tier3",
      "tags": [
        "public",
        "isp",
        "regional"
      ]
    },
    {
      "ip": "139.130.4.5",
      "country": "Australia",
      "provider": "Optus",
      "city": "Melbourne",
      "country_code": "AU",
      "region": "oceania",
      "continent": "Oceania",
      "tier": "tier3",
      "tags": [
        "public",
        "regional"
      ]
    },
    {
      "ip": "210.48.77.68",
      "country": "New Zealand",
      "provider": "Spark",
      "city": "Auckland",
      "country_code": "NZ",
      "region": "oceania",
      "continent": "Oceania",
      "tier": "tier3",
      "tags": [
        "public",
        "regional"
      ]
    },
    {
      "ip": "202.27.184.5",
      "country": "New Zealand",
      "provider": "Vodafone",
      "city": "Wellington",
      "country_code": "NZ",
      "region": "oceania",
      "continent": "Oceania",
      "tier": "tier3",
      "tags": [
        "public",
        "isp",
        "regional"
      ]
    },
    {
      "ip": "202.83.21.11",
      "country": "Papua New Guinea",
      "provider": "Datec",
      "city": "Port Moresby",
      "country_code": "PG",
      "region": "oceania",
      "continent": "Oceania",
      "tier": "tier3",
      "tags": [
        "public",
        "regional"
      ]
    },
    {
      "ip": "202.128.6.100",
      "country": "Fiji",
      "provider": "Telecom Fiji",
      "city": "Suva",
      "country_code": "FJ",
      "region": "oceania",
      "continent": "Oceania",
      "tier": "tier3",
      "tags": [
        "public",
        "isp",
        "regional"
      ]
    },
    {
      "ip": "76.76.19.19",
      "country": "United States",
      "provider": "Alternate DNS",
      "city": "New York",
      "country_code": "US",
      "region": "north_america",
      "continent": "North America",
      "tier": "tier2",
      "tags": [
        "public",
        "security"
      ]
    },
    {
      "ip": "76.223.122.150",
      "country": "United States",
      "provider": "Alternate DNS",
      "city": "New York",
      "country_code": "US",
      "region": "north_america",
      "continent": "North America",
      "tier": "tier2",
      "tags": [
        "public",
        "security"
      ]
    },
    {
      "ip": "185.228.168.9",
      "country": "United States",
      "provider": "CleanBrowsing",
      "city": "Ashburn",
      "country_code": "US",
      "region": "north_america",
      "continent": "North America",
      "tier": "tier2",
      "tags": [
        "public",
        "security"
      ]
    },
    {
      "ip": "185.228.169.9",
      "country": "United States",
      "provider": "CleanBrowsing",
      "city": "Ashburn",
      "country_code": "US",
      "region": "north_america",
      "continent": "North America",
      "tier": "tier2",
      "tags": [
        "public",
        "security"
      ]
    },
    {
      "ip": "76.76.2.0",
      "country": "United States",
      "provider": "ControlD",
      "city": "Los Angeles",
      "country_code": "US",
      "region": "north_america",
      "continent": "North America",
      "tier": "tier1",
      "tags": [
        "public",
        "global",
        "privacy"
      ]
    },
    {
      "ip": "76.76.10.0",
      "country": "United States",
      "provider": "ControlD",
      "city": "Los Angeles",
      "country_code": "US",
      "region": "north_america",
      "continent": "North America",
      "tier": "tier1",
      "tags": [
        "public",
        "global",
        "privacy"
      ]
    },
    {
      "ip": "45.90.28.0",
      "country": "United States",
      "provider": "NextDNS",
      "city": "Miami",
      "country_code": "US",
      "region": "north_america",
      "continent": "North America",
      "tier": "tier1",
      "tags": [
        "public",
        "global",
        "privacy"
      ]
    },
    {
      "ip": "45.90.30.0",
      "country": "United States",
      "provider": "NextDNS",
      "city": "Miami",
      "country_code": "US",
      "region": "north_america",
      "continent": "North America",
      "tier": "tier1",
      "tags": [
        "public",
        "global",
        "privacy"
      ]
    },
    {
      "ip": "216.146.35.35",
      "country": "United States",
      "provider": "Dyn",
      "city": "Manchester",
      "country_code": "US",
      "region": "north_america",
      "continent": "North America",
      "tier": "tier2",
      "tags": [
        "public"
      ]
    },
    {
      "ip": "216.146.36.36",
      "country": "United States",
      "provider": "Dyn",
      "city": "Manchester",
      "country_code": "US",
      "region": "north_america",
      "continent": "North America",
      "tier": "tier2",
      "tags": [
        "public"
      ]
    },
    {
      "ip": "74.82.42.42",
      "country": "United States",
      "provider": "Hurricane Electric",
      "city": "Fremont",
      "country_code": "US",
      "region": "north_america",
      "continent": "North America",
      "tier": "tier2",
      "tags": [
        "public"
      ]
    },
    {
      "ip": "66.28.0.61",
      "country": "Canada",
      "provider": "Rogers",
      "city": "Toronto",
      "country_code": "CA",
      "region": "north_america",
      "continent": "North America",
      "tier": "tier3",
      "tags": [
        "public",
        "isp",
        "regional"
      ]
    },
    {
      "ip": "66.28.0.62",
      "country": "Canada",
      "provider": "Rogers",
      "city": "Toronto",
      "country_code": "CA",
      "region": "north_america",
      "continent": "North America",
      "tier": "tier3",
      "tags": [
        "public",
        "isp",
        "regional"
      ]
    },
    {
      "ip": "142.179.98.1",
      "country": "Canada",
      "provider": "Bell Canada",
      "city": "Montreal",
      "country_code": "CA",
      "region": "north_america",
      "continent": "North America",
      "tier": "tier3",
      "tags": [
        "public",
        "isp",
        "regional"
      ]
    },
    {
      "ip": "142.179.98.2",
      "country": "Canada",
      "provider": "Bell Canada",
      "city": "Montreal",
      "country_code": "CA",
      "region": "north_america",
      "continent": "North America",
      "tier": "tier3",
      "tags": [
        "public",
        "isp",
        "regional"
      ]
    },
    {
      "ip": "200.33.144.2",
      "country": "Panama",
      "provider": "Cable & Wireless",
      "city": "Panama City",
      "country_code": "PA",
      "region": "north_america",
      "continent": "North America",
      "tier": "tier3",
      "tags": [
        "public",
        "regional"
      ]
    },
    {
      "ip": "200.10.175.10",
      "country": "Costa Rica",
      "provider": "ICE",
      "city": "San Jose",
      "country_code": "CR",
      "region": "north_america",
      "continent": "North America",
      "tier": "tier3",
      "tags": [
        "public",
        "regional"
      ]
    },
    {
      "ip": "201.224.192.1",
      "country": "Guatemala",
      "provider": "Tigo",
      "city": "Guatemala City",
      "country_code": "GT",
      "region": "north_america",
      "continent": "North America",
      "tier": "tier3",
      "tags": [
        "public",
        "regional"
      ]
    },
    {
      "ip": "200.62.128.1",
      "country": "Honduras",
      "provider": "Tigo",
      "city": "Tegucigalpa",
      "country_code": "HN",
      "region": "north_america",
      "continent": "North America",
      "tier": "tier3",
      "tags": [
        "public",
        "regional"
      ]
    },
    {
      "ip": "201.230.64.1",
      "country": "Nicaragua",
      "provider": "Claro",
      "city": "Managua",
      "country_code": "NI",
      "region": "north_america",
      "continent": "North America",
      "tier": "tier3",
      "tags": [
        "public",
        "regional"
      ]
    },
    {
      "ip": "200.79.179.1",
      "country": "El Salvador",
      "provider": "Telecom",
      "city": "San Salvador",
      "country_code": "SV",
      "region": "north_america",
      "continent": "North America",
      "tier": "tier3",
      "tags": [
        "public",
        "regional"
      ]
    },
    {
      "ip": "196.1.80.1",
      "country": "Jamaica",
      "provider": "Flow",
      "city": "Kingston",
      "country_code": "JM",
      "region": "north_america",
      "continent": "North America",
      "tier": "tier3",
      "tags": [
        "public",
        "regional"
      ]
    },
    {
      "ip": "64.182.165.164",
      "country": "Puerto Rico",
      "provider": "Liberty",
      "city": "San Juan",
      "country_code": "PR",
      "region": "north_america",
      "continent": "North America",
      "tier": "tier3",
      "tags": [
        "public",
        "regional"
      ]
    },
    {
      "ip": "200.45.32.34",
      "country": "Dominican Republic",
      "provider": "Claro",
      "city": "Santo Domingo",
      "country_code": "DO",
      "region": "north_america",
      "continent": "North America",
      "tier": "tier3",
      "tags": [
        "public",
        "regional"
      ]
    },
    {
      "ip": "196.1.186.1",
      "country": "Trinidad and Tobago",
      "provider": "TSTT",
      "city": "Port of Spain",
      "country_code": "TT",
      "region": "north_america",
      "continent": "North America",
      "tier": "tier3",
      "tags": [
        "public",
        "regional"
      ]
    },
    {
      "ip": "209.88.82.11",
      "country": "Bahamas",
      "provider": "BTC",
      "city": "Nassau",
      "country_code": "BS",
      "region": "north_america",
      "continent": "North America",
      "tier": "tier3",
      "tags": [
        "public",
        "regional"
      ]
    },
    {
      "ip": "177.36.1.10",
      "country": "Brazil",
      "provider": "NET",
      "city": "Rio de Janeiro",
      "country_code": "BR",
      "region": "south_america",
      "continent": "South America",
      "tier": "tier3",
      "tags": [
        "public",
        "isp",
        "regional"
      ]
    },
    {
      "ip": "200.221.11.100",
      "country": "Brazil",
      "provider": "Oi",
      "city": "Brasilia",
      "country_code": "BR",
      "region": "south_america",
      "continent": "South America",
      "tier": "tier3",
      "tags": [
        "public",
        "isp",
        "regional"
      ]
    },
    {
      "ip": "181.41.208.1",
      "country": "Venezuela",
      "provider": "CANTV",
      "city": "Caracas",
      "country_code": "VE",
      "region": "south_america",
      "continent": "South America",
      "tier": "tier3",
      "tags": [
        "public",
        "regional"
      ]
    },
    {
      "ip": "190.161.16.193",
      "country": "Ecuador",
      "provider": "CNT",
      "city": "Quito",
      "country_code": "EC",
      "region": "south_america",
      "continent": "South America",
      "tier": "tier3",
      "tags": [
        "public",
        "regional"
      ]
    },
    {
      "ip": "200.48.225.130",
      "country": "Peru",
      "provider": "Telefonica",
      "city": "Lima",
      "country_code": "PE",
      "region": "south_america",
      "continent": "South America",
      "tier": "tier3",
      "tags": [
        "public",
        "regional"
      ]
    },
    {
      "ip": "181.114.61.1",
      "country": "Bolivia",
      "provider": "Entel",
      "city": "La Paz",
      "country_code": "BO",
      "region": "south_america",
      "continent": "South America",
      "tier": "tier3",
      "tags": [
        "public",
        "regional"
      ]
    },
    {
      "ip": "200.32.41.10",
      "country": "Paraguay",
      "provider": "Tigo",
      "city": "Asuncion",
      "country_code": "PY",
      "region": "south_america",
      "continent": "South America",
      "tier": "tier3",
      "tags": [
        "public",
        "regional"
      ]
    },
    {
      "ip": "200.40.220.220",
      "country": "Uruguay",
      "provider": "Antel",
      "city": "Montevideo",
      "country_code": "UY",
      "region": "south_america",
      "continent": "South America",
      "tier": "tier3",
      "tags": [
        "public",
        "regional"
      ]
    },
    {
      "ip": "195.99.66.220",
      "country": "Germany",
      "provider": "Deutsche Telekom",
      "city": "Bonn",
      "country_code": "DE",
      "region": "europe",
      "continent": "Europe",
      "tier": "tier3",
      "tags": [
        "public",
        "isp",
        "regional"
      ]
    },
    {
      "ip": "217.237.148.205",
      "country": "Germany",
      "provider": "Vodafone",
      "city": "Dusseldorf",
      "country_code": "DE",
      "region": "europe",
      "continent": "Europe",
      "tier": "tier3",
      "tags": [
        "public",
        "isp",
        "regional"
      ]
    },
    {
      "ip": "185.95.218.42",
      "country": "Germany",
      "provider": "1&1",
      "city": "Karlsruhe",
      "country_code": "DE",
      "region": "europe",
      "continent": "Europe",
      "tier": "tier3",
      "tags": [
        "public",
        "regional"
      ]
    },
    {
      "ip": "185.95.218.43",
      "country": "Germany",
      "provider": "1&1",
      "city": "Karlsruhe",
      "country_code": "DE",
      "region": "europe",
      "continent": "Europe",
      "tier": "tier3",
      "tags": [
        "public",
        "regional"
      ]
    },
    {
      "ip": "82.163.142.7",
      "country": "United Kingdom",
      "provider": "British Telecom",
      "city": "London",
      "country_code": "GB",
      "region": "europe",
      "continent": "Europe",
      "tier": "tier3",
      "tags": [
        "public",
        "isp",
        "regional"
      ]
    },
    {
      "ip": "195.8.242.125",
      "country": "United Kingdom",
      "provider": "Sky",
      "city": "Leeds",
      "country_code": "GB",
      "region": "europe",
      "continent": "Europe",
      "tier": "tier3",
      "tags": [
        "public",
        "isp",
        "regional"
      ]
    },
    {
      "ip": "194.168.4.100",
      "country": "United Kingdom",
      "provider": "Virgin Media",
      "city": "Manchester",
      "country_code": "GB",
      "region": "europe",
      "continent": "Europe",
      "tier": "tier3",
      "tags": [
        "public",
        "isp",
        "regional"
      ]
    },
    {
      "ip": "194.168.8.100",
      "country": "United Kingdom",
      "provider": "Virgin Media",
      "city": "Birmingham",
      "country_code": "GB",
      "region": "europe",
      "continent": "Europe",
      "tier": "tier3",
      "tags": [
        "public",
        "isp",
        "regional"
      ]
    },
    {
      "ip": "212.18.0.1",
      "country": "France",
      "provider": "Free",
      "city": "Paris",
      "country_code": "FR",
      "region": "europe",
      "continent": "Europe",
      "tier": "tier3",
      "tags": [
        "public",
        "isp",
        "regional"
      ]
    },
    {
      "ip": "212.18.3.1",
      "country": "France",
      "provider": "Free",
      "city": "Paris",
      "country_code": "FR",
      "region": "europe",
      "continent": "Europe",
      "tier": "tier3",
      "tags": [
        "public",
        "isp",
        "regional"
      ]
    },
    {
      "ip": "195.115.254.1",
      "country": "Italy",
      "provider": "Fastweb",
      "city": "Milan",
      "country_code": "IT",
      "region": "europe",
      "continent": "Europe",
      "tier": "tier3",
      "tags": [
        "public",
        "isp",
        "regional"
      ]
    },
    {
      "ip": "195.115.254.2",
      "country": "Italy",
      "provider": "Fastweb",
      "city": "Milan",
      "country_code": "IT",
      "region": "europe",
      "continent": "Europe",
      "tier": "tier3",
      "tags": [
        "public",
        "isp",
        "regional"
      ]
    },
    {
      "ip": "213.94.78.210",
      "country": "Spain",
      "provider": "Movistar",
      "city": "Barcelona",
      "country_code": "ES",
      "region": "europe",
      "continent": "Europe",
      "tier": "tier3",
      "tags": [
        "public",
        "isp",
        "regional"
      ]
    },
    {
      "ip": "62.42.230.62",
      "country": "Spain",
      "provider": "Orange",
      "city": "Valencia",
      "country_code": "ES",
      "region": "europe",
      "continent": "Europe",
      "tier": "tier3",
      "tags": [
        "public",
        "isp",
        "regional"
      ]
    },
    {
      "ip": "213.13.64.11",
      "country": "Netherlands",
      "provider": "KPN",
      "city": "Rotterdam",
      "country_code": "NL",
      "region": "europe",
      "continent": "Europe",
      "tier": "tier3",
      "tags": [
        "public",
        "isp",
        "regional"
      ]
    },
    {
      "ip": "195.121.1.34",
      "country": "Netherlands",
      "provider": "Ziggo",
      "city": "Utrecht",
      "country_code": "NL",
      "region": "europe",
      "continent": "Europe",
      "tier": "tier3",
      "tags": [
        "public",
        "isp",
        "regional"
      ]
    },
    {
      "ip": "195.186.1.111",
      "country": "Belgium",
      "provider": "Proximus",
      "city": "Antwerp",
      "country_code": "BE",
      "region": "europe",
      "continent": "Europe",
      "tier": "tier3",
      "tags": [
        "public",
        "isp",
        "regional"
      ]
    },
    {
      "ip": "195.238.2.21",
      "country": "Switzerland",
      "provider": "Swisscom",
      "city": "Bern",
      "country_code": "CH",
      "region": "europe",
      "continent": "Europe",
      "tier": "tier3",
      "tags": [
        "public",
        "isp",
        "regional"
      ]
    },
    {
      "ip": "195.186.4.110",
      "country": "Austria",
      "provider": "Telekom Austria",
      "city": "Salzburg",
      "country_code": "AT",
      "region": "europe",
      "continent": "Europe",
      "tier": "tier3",
      "tags": [
        "public",
        "isp",
        "regional"
      ]
    },
    {
      "ip": "213.191.74.11",
      "country": "Sweden",
      "provider": "Telia",
      "city": "Gothenburg",
      "country_code": "SE",
      "region": "europe",
      "continent": "Europe",
      "tier": "tier3",
      "tags": [
        "public",
        "isp",
        "regional"
      ]
    },
    {
      "ip": "212.112.97.27",
      "country": "Norway",
      "provider": "Telenor",
      "city": "Bergen",
      "country_code": "NO",
      "region": "europe",
      "continent": "Europe",
      "tier": "tier3",
      "tags": [
        "public",
        "isp",
        "regional"
      ]
    },
    {
      "ip": "212.87.37.18",
      "country": "Denmark",
      "provider": "TDC",
      "city": "Aarhus",
      "country_code": "DK",
      "region": "europe",
      "continent": "Europe",
      "tier": "tier3",
      "tags": [
        "public",
        "isp",
        "regional"
      ]
    },
    {
      "ip": "195.197.54.100",
      "country": "Finland",
      "provider": "Elisa",
      "city": "Tampere",
      "country_code": "FI",
      "region": "europe",
      "continent": "Europe",
      "tier": "tier3",
      "tags": [
        "public",
        "isp",
        "regional"
      ]
    },
    {
      "ip": "89.221.32.12",
      "country": "Serbia",
      "provider": "Telekom Serbia",
      "city": "Belgrade",
      "country_code": "RS",
      "region": "europe",
      "continent": "Europe",
      "tier": "tier3",
      "tags": [
        "public",
        "regional"
      ]
    },
    {
      "ip": "213.149.37.7",
      "country": "Croatia",
      "provider": "T-Hrvatski Telekom",
      "city": "Zagreb",
      "country_code": "HR",
      "region": "europe",
      "continent": "Europe",
      "tier": "tier3",
      "tags": [
        "public",
        "regional"
      ]
    },
    {
      "ip": "193.2.1.66",
      "country": "Slovenia",
      "provider": "Telekom Slovenije",
      "city": "Ljubljana",
      "country_code": "SI",
      "region": "europe",
      "continent": "Europe",
      "tier": "tier3",
      "tags": [
        "public",
        "regional"
      ]
    },
    {
      "ip": "195.175.39.40",
      "country": "Slovakia",
      "provider": "Orange Slovakia",
      "city": "Bratislava",
      "country_code": "SK",
      "region": "europe",
      "continent": "Europe",
      "tier": "tier3",
      "tags": [
        "public",
        "regional"
      ]
    },
    {
      "ip": "195.13.18.11",
      "country": "Estonia",
      "provider": "Elion",
      "city": "Tallinn",
      "country_code": "EE",
      "region": "europe",
      "continent": "Europe",
      "tier": "tier3",
      "tags": [
        "public",
        "regional"
      ]
    },
    {
      "ip": "194.150.0.10",
      "country": "Latvia",
      "provider": "Lattelecom",
      "city": "Riga",
      "country_code": "LV",
      "region": "europe",
      "continent": "Europe",
      "tier": "tier3",
      "tags": [
        "public",
        "regional"
      ]
    },
    {
      "ip": "213.252.140.11",
      "country": "Lithuania",
      "provider": "Telia Lietuva",
      "city": "Vilnius",
      "country_code": "LT",
      "region": "europe",
      "continent": "Europe",
      "tier": "tier3",
      "tags": [
        "public",
        "regional"
      ]
    },
    {
      "ip": "213.59.243.42",
      "country": "Russia",
      "provider": "Rostelecom",
      "city": "St. Petersburg",
      "country_code": "RU",
      "region": "russia_cis",
      "continent": "Europe/Asia",
      "tier": "tier3",
      "tags": [
        "public",
        "regional"
      ]
    },
    {
      "ip": "212.188.7.6",
      "country": "Russia",
      "provider": "MTS",
      "city": "Moscow",
      "country_code": "RU",
      "region": "russia_cis",
      "continent": "Europe/Asia",
      "tier": "tier3",
      "tags": [
        "public",
        "regional"
      ]
    },
    {
      "ip": "87.240.128.175",
      "country": "Russia",
      "provider": "Beeline",
      "city": "Moscow",
      "country_code": "RU",
      "region": "russia_cis",
      "continent": "Europe/Asia",
      "tier": "tier3",
      "tags": [
        "public",
        "regional"
      ]
    },
    {
      "ip": "195.34.133.10",
      "country": "Georgia",
      "provider": "Silknet",
      "city": "Tbilisi",
      "country_code": "GE",
      "region": "russia_cis",
      "continent": "Asia",
      "tier": "tier3",
      "tags": [
        "public",
        "regional"
      ]
    },
    {
      "ip": "195.5.119.60",
      "country": "Armenia",
      "provider": "ArmenTel",
      "city": "Yerevan",
      "country_code": "AM",
      "region": "russia_cis",
      "continent": "Asia",
      "tier": "tier3",
      "tags": [
        "public",
        "regional"
      ]
    },
    {
      "ip": "195.88.208.101",
      "country": "Azerbaijan",
      "provider": "AzEuroTel",
      "city": "Baku",
      "country_code": "AZ",
      "region": "russia_cis",
      "continent": "Asia",
      "tier": "tier3",
      "tags": [
        "public",
        "regional"
      ]
    },
    {
      "ip": "212.115.64.6",
      "country": "Moldova",
      "provider": "Moldtelecom",
      "city": "Chisinau",
      "country_code": "MD",
      "region": "russia_cis",
      "continent": "Europe",
      "tier": "tier3",
      "tags": [
        "public",
        "regional"
      ]
    },
    {
      "ip": "93.84.64.213",
      "country": "Belarus",
      "provider": "Beltelecom",
      "city": "Minsk",
      "country_code": "BY",
      "region": "russia_cis",
      "continent": "Europe",
      "tier": "tier3",
      "tags": [
        "public",
        "regional"
      ]
    },
    {
      "ip": "202.65.132.162",
      "country": "India",
      "provider": "Reliance",
      "city": "Bangalore",
      "country_code": "IN",
      "region": "asia",
      "continent": "Asia",
      "tier": "tier3",
      "tags": [
        "public",
        "isp",
        "regional"
      ]
    },
    {
      "ip": "117.239.128.34",
      "country": "India",
      "provider": "Vodafone",
      "city": "Kolkata",
      "country_code": "IN",
      "region": "asia",
      "continent": "Asia",
      "tier": "tier3",
      "tags": [
        "public",
        "isp",
        "regional"
      ]
    },
    {
      "ip": "14.192.2.2",
      "country": "India",
      "provider": "JioFiber",
      "city": "Chennai",
      "country_code": "IN",
      "region": "asia",
      "continent": "Asia",
      "tier": "tier3",
      "tags": [
        "public",
        "isp",
        "regional"
      ]
    },
    {
      "ip": "202.43.167.18",
      "country": "Indonesia",
      "provider": "Telkom",
      "city": "Surabaya",
      "country_code": "ID",
      "region": "asia",
      "continent": "Asia",
      "tier": "tier3",
      "tags": [
        "public",
        "isp",
        "regional"
      ]
    },
    {
      "ip": "203.130.193.74",
      "country": "Indonesia",
      "provider": "XL Axiata",
      "city": "Bandung",
      "country_code": "ID",
      "region": "asia",
      "continent": "Asia",
      "tier": "tier3",
      "tags": [
        "public",
        "isp",
        "regional"
      ]
    },
    {
      "ip": "211.115.194.2",
      "country": "South Korea",
      "provider": "LG U+",
      "city": "Busan",
      "country_code": "KR",
      "region": "asia",
      "continent": "Asia",
      "tier": "tier3",
      "tags": [
        "public",
        "isp",
        "regional"
      ]
    },
    {
      "ip": "203.248.252.2",
      "country": "South Korea",
      "provider": "KINX",
      "city": "Seoul",
      "country_code": "KR",
      "region": "asia",
      "continent": "Asia",
      "tier": "tier3",
      "tags": [
        "public",
        "regional"
      ]
    },
    {
      "ip": "202.45.84.58",
      "country": "Japan",
      "provider": "SoftBank",
      "city": "Osaka",
      "country_code": "JP",
      "region": "asia",
      "continent": "Asia",
      "tier": "tier3",
      "tags": [
        "public",
        "isp",
        "regional"
      ]
    },
    {
      "ip": "210.196.3.183",
      "country": "Japan",
      "provider": "OCN",
      "city": "Nagoya",
      "country_code": "JP",
      "region": "asia",
      "continent": "Asia",
      "tier": "tier3",
      "tags": [
        "public",
        "isp",
        "regional"
      ]
    },
    {
      "ip": "218.102.23.228",
      "country": "China",
      "provider": "China Telecom",
      "city": "Guangzhou",
      "country_code": "CN",
      "region": "asia",
      "continent": "Asia",
      "tier": "tier3",
      "tags": [
        "public",
        "isp",
        "regional"
      ]
    },
    {
      "ip": "218.104.128.106",
      "country": "China",
      "provider": "China Unicom",
      "city": "Shenzhen",
      "country_code": "CN",
      "region": "asia",
      "continent": "Asia",
      "tier": "tier3",
      "tags": [
        "public",
        "isp",
        "regional"
      ]
    },
    {
      "ip": "211.138.200.69",
      "country": "China",
      "provider": "China Mobile",
      "city": "Chengdu",
      "country_code": "CN",
      "region": "asia",
      "continent": "Asia",
      "tier": "tier3",
      "tags": [
        "public",
        "isp",
        "regional"
      ]
    },
    {
      "ip": "202.86.252.47",
      "country": "Kazakhstan",
      "provider": "Kazakhtelecom",
      "city": "Almaty",
      "country_code": "KZ",
      "region": "asia",
      "continent": "Asia",
      "tier": "tier3",
      "tags": [
        "public",
        "regional"
      ]
    },
    {
      "ip": "213.230.65.4",
      "country": "Uzbekistan",
      "provider": "Uzbektelecom",
      "city": "Tashkent",
      "country_code": "UZ",
      "region": "asia",
      "continent": "Asia",
      "tier": "tier3",
      "tags": [
        "public",
        "regional"
      ]
    },
    {
      "ip": "202.9.37.12",
      "country": "Macau",
      "provider": "CTM",
      "city": "Macau",
      "country_code": "MO",
      "region": "asia",
      "continent": "Asia",
      "tier": "tier3",
      "tags": [
        "public",
        "regional"
      ]
    },
    {
      "ip": "195.229.0.1",
      "country": "Turkey",
      "provider": "Superonline",
      "city": "Ankara",
      "country_code": "TR",
      "region": "middle_east",
      "continent": "Asia/Europe",
      "tier": "tier3",
      "tags": [
        "public",
        "isp",
        "regional"
      ]
    },
    {
      "ip": "212.58.1.30",
      "country": "Oman",
      "provider": "Omantel",
      "city": "Muscat",
      "country_code": "OM",
      "region": "middle_east",
      "continent": "Asia",
      "tier": "tier3",
      "tags": [
        "public",
        "regional"
      ]
    },
    {
      "ip": "194.170.1.4",
      "country": "Iraq",
      "provider": "Earthlink",
      "city": "Baghdad",
      "country_code": "IQ",
      "region": "middle_east",
      "continent": "Asia",
      "tier": "tier3",
      "tags": [
        "public",
        "regional"
      ]
    },
    {
      "ip": "195.229.241.222",
      "country": "Turkey",
      "provider": "Vodafone Turkey",
      "city": "Izmir",
      "country_code": "TR",
      "region": "middle_east",
      "continent": "Asia/Europe",
      "tier": "tier3",
      "tags": [
        "public",
        "isp",
        "regional"
      ]
    },
    {
      "ip": "217.219.140.2",
      "country": "Syria",
      "provider": "STE",
      "city": "Damascus",
      "country_code": "SY",
      "region": "middle_east",
      "continent": "Asia",
      "tier": "tier3",
      "tags": [
        "public",
        "regional"
      ]
    },
    {
      "ip": "212.38.160.130",
      "country": "Palestine",
      "provider": "Paltel",
      "city": "Ramallah",
      "country_code": "PS",
      "region": "middle_east",
      "continent": "Asia",
      "tier": "tier3",
      "tags": [
        "public",
        "regional"
      ]
    },
    {
      "ip": "178.236.32.1",
      "country": "Yemen",
      "provider": "Yemen Net",
      "city": "Sana'a",
      "country_code": "YE",
      "region": "middle_east",
      "continent": "Asia",
      "tier": "tier3",
      "tags": [
        "public",
        "regional"
      ]
    },
    {
      "ip": "196.3.58.1",
      "country": "Botswana",
      "provider": "BTC",
      "city": "Gaborone",
      "country_code": "BW",
      "region": "africa",
      "continent": "Africa",
      "tier": "tier3",
      "tags": [
        "public",
        "regional"
      ]
    },
    {
      "ip": "196.223.129.1",
      "country": "Namibia",
      "provider": "Telecom Namibia",
      "city": "Windhoek",
      "country_code": "NA",
      "region": "africa",
      "continent": "Africa",
      "tier": "tier3",
      "tags": [
        "public",
        "regional"
      ]
    },
    {
      "ip": "196.49.15.10",
      "country": "Zimbabwe",
      "provider": "Econet",
      "city": "Harare",
      "country_code": "ZW",
      "region": "africa",
      "continent": "Africa",
      "tier": "tier3",
      "tags": [
        "public",
        "regional"
      ]
    },
    {
      "ip": "196.223.12.254",
      "country": "Mozambique",
      "provider": "TDM",
      "city": "Maputo",
      "country_code": "MZ",
      "region": "africa",
      "continent": "Africa",
      "tier": "tier3",
      "tags": [
        "public",
        "regional"
      ]
    },
    {
      "ip": "41.77.136.131",
      "country": "Zambia",
      "provider": "Zamtel",
      "city": "Lusaka",
      "country_code": "ZM",
      "region": "africa",
      "continent": "Africa",
      "tier": "tier3",
      "tags": [
        "public",
        "regional"
      ]
    },
    {
      "ip": "41.223.7.1",
      "country": "Malawi",
      "provider": "TNM",
      "city": "Blantyre",
      "country_code": "MW",
      "region": "africa",
      "continent": "Africa",
      "tier": "tier3",
      "tags": [
        "public",
        "regional"
      ]
    },
    {
      "ip": "41.215.1.1",
      "country": "Angola",
      "provider": "Angola Telecom",
      "city": "Luanda",
      "country_code": "AO",
      "region": "africa",
      "continent": "Africa",
      "tier": "tier3",
      "tags": [
        "public",
        "regional"
      ]
    },
    {
      "ip": "154.66.124.5",
      "country": "Cameroon",
      "provider": "Camtel",
      "city": "Yaounde",
      "country_code": "CM",
      "region": "africa",
      "continent": "Africa",
      "tier": "tier3",
      "tags": [
        "public",
        "regional"
      ]
    },
    {
      "ip": "41.203.194.1",
      "country": "Ivory Coast",
      "provider": "Orange CI",
      "city": "Abidjan",
      "country_code": "CI",
      "region": "africa",
      "continent": "Africa",
      "tier": "tier3",
      "tags": [
        "public",
        "regional"
      ]
    },
    {
      "ip": "41.207.160.10",
      "country": "Senegal",
      "provider": "Sonatel",
      "city": "Dakar",
      "country_code": "SN",
      "region": "africa",
      "continent": "Africa",
      "tier": "tier3",
      "tags": [
        "public",
        "regional"
      ]
    },
    {
      "ip": "41.191.232.195",
      "country": "Rwanda",
      "provider": "Liquid Telecom",
      "city": "Kigali",
      "country_code": "RW",
      "region": "africa",
      "continent": "Africa",
      "tier": "tier3",
      "tags": [
        "public",
        "regional"
      ]
    },
    {
      "ip": "154.118.228.157",
      "country": "Burundi",
      "provider": "ONATEL",
      "city": "Bujumbura",
      "country_code": "BI",
      "region": "africa",
      "continent": "Africa",
      "tier": "tier3",
      "tags": [
        "public",
        "regional"
      ]
    },
    {
      "ip": "212.52.132.3",
      "country": "Libya",
      "provider": "LTT",
      "city": "Tripoli",
      "country_code": "LY",
      "region": "africa",
      "continent": "Africa",
      "tier": "tier3",
      "tags": [
        "public",
        "regional"
      ]
    },
    {
      "ip": "41.231.21.1",
      "country": "Mali",
      "provider": "Orange Mali",
      "city": "Bamako",
      "country_code": "ML",
      "region": "africa",
      "continent": "Africa",
      "tier": "tier3",
      "tags": [
        "public",
        "regional"
      ]
    },
    {
      "ip": "41.203.129.17",
      "country": "Burkina Faso",
      "provider": "Onatel",
      "city": "Ouagadougou",
      "country_code": "BF",
      "region": "africa",
      "continent": "Africa",
      "tier": "tier3",
      "tags": [
        "public",
        "regional"
      ]
    },
    {
      "ip": "41.78.72.2",
      "country": "Niger",
      "provider": "Niger Telecom",
      "city": "Niamey",
      "country_code": "NE",
      "region": "africa",
      "continent": "Africa",
      "tier": "tier3",
      "tags": [
        "public",
        "regional"
      ]
    },
    {
      "ip": "154.70.96.11",
      "country": "Togo",
      "provider": "Togo Telecom",
      "city": "Lome",
      "country_code": "TG",
      "region": "africa",
      "continent": "Africa",
      "tier": "tier3",
      "tags": [
        "public",
        "regional"
      ]
    },
    {
      "ip": "41.223.212.10",
      "country": "Benin",
      "provider": "Benin Telecom",
      "city": "Cotonou",
      "country_code": "BJ",
      "region": "africa",
      "continent": "Africa",
      "tier": "tier3",
      "tags": [
        "public",
        "regional"
      ]
    },
    {
      "ip": "196.13.105.10",
      "country": "Mauritius",
      "provider": "Mauritius Telecom",
      "city": "Port Louis",
      "country_code": "MU",
      "region": "africa",
      "continent": "Africa",
      "tier": "tier3",
      "tags": [
        "public",
        "regional"
      ]
    },
    {
      "ip": "196.13.14.1",
      "country": "Madagascar",
      "provider": "Telma",
      "city": "Antananarivo",
      "country_code": "MG",
      "region": "africa",
      "continent": "Africa",
      "tier": "tier3",
      "tags": [
        "public",
        "regional"
      ]
    },
    {
      "ip": "202.14.67.4",
      "country": "Australia",
      "provider": "iiNet",
      "city": "Perth",
      "country_code": "AU",
      "region": "oceania",
      "continent": "Oceania",
      "tier": "tier3",
      "tags": [
        "public",
        "isp",
        "regional"
      ]
    },
    {
      "ip": "203.12.160.35",
      "country": "Australia",
      "provider": "TPG",
      "city": "Adelaide",
      "country_code": "AU",
      "region": "oceania",
      "continent": "Oceania",
      "tier": "tier3",
      "tags": [
        "public",
        "isp",
        "regional"
      ]
    },
    {
      "ip": "210.55.99.99",
      "country": "New Zealand",
      "provider": "Orcon",
      "city": "Christchurch",
      "country_code": "NZ",
      "region": "oceania",
      "continent": "Oceania",
      "tier": "tier3",
      "tags": [
        "public",
        "regional"
      ]
    },
    {
      "ip": "202.124.127.66",
      "country": "Solomon Islands",
      "provider": "Solomon Telekom",
      "city": "Honiara",
      "country_code": "SB",
      "region": "oceania",
      "continent": "Oceania",
      "tier": "tier3",
      "tags": [
        "public",
        "regional"
      ]
    },
    {
      "ip": "202.147.0.254",
      "country": "Vanuatu",
      "provider": "Digicel",
      "city": "Port Vila",
      "country_code": "VU",
      "region": "oceania",
      "continent": "Oceania",
      "tier": "tier3",
      "tags": [
        "public",
        "regional"
      ]
    },
    {
      "ip": "202.4.32.13",
      "country": "Samoa",
      "provider": "Bluesky",
      "city": "Apia",
      "country_code": "WS",
      "region": "oceania",
      "continent": "Oceania",
      "tier": "tier3",
      "tags": [
        "public",
        "regional"
      ]
    },
    {
      "ip": "202.62.64.1",
      "country": "Tonga",
      "provider": "Tonga Cable",
      "city": "Nuku'alofa",
      "country_code": "TO",
      "region": "oceania",
      "continent": "Oceania",
      "tier": "tier3",
      "tags": [
        "public",
        "regional"
      ]
    }
  ]
}